moleculeId,PredictedProbability
1,0.7266666666666667
2,0.7266666666666667
3,0.62
4,0.84
5,0.34
6,0.49333333333333335
7,0.72
8,0.5866666666666667
9,0.7733333333333333
10,0.5
11,0.46
12,0.5533333333333333
13,0.6466666666666666
14,0.6066666666666667
15,0.47333333333333333
16,0.44
17,0.21333333333333335
18,0.30666666666666664
19,0.4266666666666667
20,0.6133333333333333
21,0.32666666666666666
22,0.74
23,0.64
24,0.8133333333333334
25,0.7733333333333333
26,0.48
27,0.48
28,0.42
29,0.24666666666666667
30,0.49333333333333335
31,0.46
32,0.21333333333333335
33,0.5733333333333334
34,0.5466666666666666
35,0.5266666666666666
36,0.74
37,0.64
38,0.6533333333333333
39,0.7066666666666667
40,0.7733333333333333
41,0.3466666666666667
42,0.20666666666666667
43,0.6
44,0.74
45,0.21333333333333335
46,0.4
47,0.62
48,0.58
49,0.8733333333333333
50,0.7266666666666667
51,0.6933333333333334
52,0.3466666666666667
53,0.7466666666666667
54,0.30666666666666664
55,0.38666666666666666
56,0.6733333333333333
57,0.7933333333333333
58,0.78
59,0.82
60,0.5933333333333334
61,0.5466666666666666
62,0.7933333333333333
63,0.4266666666666667
64,0.22666666666666666
65,0.4866666666666667
66,0.52
67,0.48
68,0.36
69,0.35333333333333333
70,0.48
71,0.6133333333333333
72,0.6666666666666666
73,0.78
74,0.7266666666666667
75,0.36666666666666664
76,0.4533333333333333
77,0.7066666666666667
78,0.46
79,0.7266666666666667
80,0.3333333333333333
81,0.31333333333333335
82,0.26666666666666666
83,0.2733333333333333
84,0.25333333333333335
85,0.6066666666666667
86,0.5733333333333334
87,0.4666666666666667
88,0.6933333333333334
89,0.7733333333333333
90,0.52
91,0.6533333333333333
92,0.5333333333333333
93,0.3933333333333333
94,0.26666666666666666
95,0.5733333333333334
96,0.4866666666666667
97,0.47333333333333333
98,0.5466666666666666
99,0.7133333333333334
100,0.7533333333333333
101,0.5333333333333333
102,0.6266666666666667
103,0.68
104,0.4066666666666667
105,0.37333333333333335
106,0.49333333333333335
107,0.4866666666666667
108,0.58
109,0.78
110,0.25333333333333335
111,0.4266666666666667
112,0.6466666666666666
113,0.4533333333333333
114,0.7
115,0.6733333333333333
116,0.2866666666666667
117,0.6266666666666667
118,0.32
119,0.52
120,0.5
121,0.32666666666666666
122,0.2733333333333333
123,0.6933333333333334
124,0.52
125,0.43333333333333335
126,0.21333333333333335
127,0.54
128,0.5133333333333333
129,0.4066666666666667
130,0.31333333333333335
131,0.26
132,0.49333333333333335
133,0.2733333333333333
134,0.8266666666666667
135,0.4866666666666667
136,0.8
137,0.15333333333333332
138,0.6
139,0.7
140,0.74
141,0.66
142,0.78
143,0.7133333333333334
144,0.36666666666666664
145,0.8733333333333333
146,0.25333333333333335
147,0.6466666666666666
148,0.7733333333333333
149,0.54
150,0.3333333333333333
151,0.26
152,0.5133333333333333
153,0.5333333333333333
154,0.8466666666666667
155,0.9066666666666666
156,0.4666666666666667
157,0.52
158,0.7866666666666666
159,0.5533333333333333
160,0.18666666666666668
161,0.52
162,0.19333333333333333
163,0.35333333333333333
164,0.7866666666666666
165,0.78
166,0.4666666666666667
167,0.37333333333333335
168,0.74
169,0.5333333333333333
170,0.6933333333333334
171,0.8133333333333334
172,0.6466666666666666
173,0.30666666666666664
174,0.66
175,0.3466666666666667
176,0.6533333333333333
177,0.38666666666666666
178,0.31333333333333335
179,0.5533333333333333
180,0.30666666666666664
181,0.47333333333333333
182,0.6466666666666666
183,0.66
184,0.4533333333333333
185,0.78
186,0.5133333333333333
187,0.9066666666666666
188,0.52
189,0.82
190,0.46
191,0.41333333333333333
192,0.48
193,0.32666666666666666
194,0.5733333333333334
195,0.8266666666666667
196,0.41333333333333333
197,0.8666666666666667
198,0.6133333333333333
199,0.56
200,0.46
201,0.7
202,0.3
203,0.47333333333333333
204,0.36666666666666664
205,0.7533333333333333
206,0.6266666666666667
207,0.48
208,0.6866666666666666
209,0.5666666666666667
210,0.4266666666666667
211,0.7
212,0.58
213,0.7
214,0.15333333333333332
215,0.5466666666666666
216,0.8
217,0.52
218,0.56
219,0.4266666666666667
220,0.4666666666666667
221,0.7266666666666667
222,0.4533333333333333
223,0.43333333333333335
224,0.7933333333333333
225,0.44
226,0.43333333333333335
227,0.46
228,0.78
229,0.42
230,0.5733333333333334
231,0.5
232,0.8333333333333334
233,0.6866666666666666
234,0.4066666666666667
235,0.5866666666666667
236,0.6533333333333333
237,0.5
238,0.2733333333333333
239,0.6666666666666666
240,0.6933333333333334
241,0.3933333333333333
242,0.16666666666666666
243,0.5733333333333334
244,0.47333333333333333
245,0.5466666666666666
246,0.72
247,0.3933333333333333
248,0.32
249,0.76
250,0.4066666666666667
251,0.72
252,0.3933333333333333
253,0.38666666666666666
254,0.6533333333333333
255,0.8533333333333334
256,0.6266666666666667
257,0.32
258,0.4666666666666667
259,0.5666666666666667
260,0.2866666666666667
261,0.4666666666666667
262,0.2866666666666667
263,0.38666666666666666
264,0.5133333333333333
265,0.26
266,0.62
267,0.6133333333333333
268,0.30666666666666664
269,0.56
270,0.7
271,0.7666666666666667
272,0.7266666666666667
273,0.5933333333333334
274,0.37333333333333335
275,0.47333333333333333
276,0.48
277,0.6666666666666666
278,0.4533333333333333
279,0.5666666666666667
280,0.58
281,0.2733333333333333
282,0.66
283,0.5
284,0.16
285,0.6133333333333333
286,0.8333333333333334
287,0.8266666666666667
288,0.5933333333333334
289,0.7
290,0.2733333333333333
291,0.34
292,0.43333333333333335
293,0.44666666666666666
294,0.5466666666666666
295,0.15333333333333332
296,0.37333333333333335
297,0.14666666666666667
298,0.72
299,0.5866666666666667
300,0.64
301,0.6533333333333333
302,0.44
303,0.6066666666666667
304,0.6533333333333333
305,0.8
306,0.7
307,0.3933333333333333
308,0.7133333333333334
309,0.4666666666666667
310,0.74
311,0.78
312,0.5533333333333333
313,0.4866666666666667
314,0.23333333333333334
315,0.7066666666666667
316,0.47333333333333333
317,0.7666666666666667
318,0.4066666666666667
319,0.42
320,0.24
321,0.4533333333333333
322,0.6333333333333333
323,0.8466666666666667
324,0.3
325,0.38666666666666666
326,0.74
327,0.8466666666666667
328,0.82
329,0.43333333333333335
330,0.68
331,0.4266666666666667
332,0.5866666666666667
333,0.44666666666666666
334,0.44666666666666666
335,0.5
336,0.5066666666666667
337,0.64
338,0.35333333333333333
339,0.18
340,0.7333333333333333
341,0.6933333333333334
342,0.6933333333333334
343,0.14
344,0.37333333333333335
345,0.6666666666666666
346,0.72
347,0.44
348,0.34
349,0.3933333333333333
350,0.6933333333333334
351,0.4266666666666667
352,0.7266666666666667
353,0.7066666666666667
354,0.4066666666666667
355,0.56
356,0.48
357,0.54
358,0.4066666666666667
359,0.31333333333333335
360,0.7133333333333334
361,0.5133333333333333
362,0.6466666666666666
363,0.6933333333333334
364,0.5933333333333334
365,0.66
366,0.72
367,0.5533333333333333
368,0.5
369,0.16666666666666666
370,0.37333333333333335
371,0.56
372,0.4666666666666667
373,0.5533333333333333
374,0.29333333333333333
375,0.56
376,0.7866666666666666
377,0.6466666666666666
378,0.5533333333333333
379,0.8266666666666667
380,0.23333333333333334
381,0.6733333333333333
382,0.8066666666666666
383,0.78
384,0.4666666666666667
385,0.76
386,0.6133333333333333
387,0.25333333333333335
388,0.28
389,0.19333333333333333
390,0.7333333333333333
391,0.5733333333333334
392,0.5066666666666667
393,0.6533333333333333
394,0.5533333333333333
395,0.9066666666666666
396,0.30666666666666664
397,0.4066666666666667
398,0.35333333333333333
399,0.6266666666666667
400,0.68
401,0.6733333333333333
402,0.6333333333333333
403,0.42
404,0.6933333333333334
405,0.5733333333333334
406,0.42
407,0.7133333333333334
408,0.62
409,0.4066666666666667
410,0.38666666666666666
411,0.54
412,0.7066666666666667
413,0.8133333333333334
414,0.4266666666666667
415,0.5066666666666667
416,0.8133333333333334
417,0.5
418,0.8733333333333333
419,0.54
420,0.5133333333333333
421,0.32
422,0.6266666666666667
423,0.6266666666666667
424,0.5266666666666666
425,0.74
426,0.20666666666666667
427,0.68
428,0.5266666666666666
429,0.4866666666666667
430,0.44666666666666666
431,0.6066666666666667
432,0.6133333333333333
433,0.54
434,0.2866666666666667
435,0.46
436,0.30666666666666664
437,0.5533333333333333
438,0.56
439,0.16
440,0.26666666666666666
441,0.5333333333333333
442,0.7466666666666667
443,0.7066666666666667
444,0.3
445,0.7533333333333333
446,0.6866666666666666
447,0.4533333333333333
448,0.15333333333333332
449,0.25333333333333335
450,0.8266666666666667
451,0.4866666666666667
452,0.7
453,0.43333333333333335
454,0.7266666666666667
455,0.6533333333333333
456,0.6466666666666666
457,0.48
458,0.5533333333333333
459,0.2733333333333333
460,0.5333333333333333
461,0.26
462,0.7533333333333333
463,0.6333333333333333
464,0.7866666666666666
465,0.7333333333333333
466,0.37333333333333335
467,0.36
468,0.5733333333333334
469,0.5066666666666667
470,0.44666666666666666
471,0.2733333333333333
472,0.8733333333333333
473,0.35333333333333333
474,0.35333333333333333
475,0.42
476,0.49333333333333335
477,0.6133333333333333
478,0.38666666666666666
479,0.38666666666666666
480,0.31333333333333335
481,0.34
482,0.52
483,0.5
484,0.8066666666666666
485,0.36
486,0.7133333333333334
487,0.38666666666666666
488,0.36666666666666664
489,0.5466666666666666
490,0.6266666666666667
491,0.29333333333333333
492,0.64
493,0.6733333333333333
494,0.8266666666666667
495,0.4066666666666667
496,0.66
497,0.44666666666666666
498,0.3
499,0.5866666666666667
500,0.32666666666666666
501,0.7
502,0.5466666666666666
503,0.58
504,0.3
505,0.5933333333333334
506,0.6533333333333333
507,0.4
508,0.3466666666666667
509,0.47333333333333333
510,0.32
511,0.7733333333333333
512,0.5266666666666666
513,0.48
514,0.7066666666666667
515,0.7466666666666667
516,0.35333333333333333
517,0.5266666666666666
518,0.21333333333333335
519,0.44
520,0.8
521,0.6333333333333333
522,0.7666666666666667
523,0.7466666666666667
524,0.6333333333333333
525,0.5933333333333334
526,0.2866666666666667
527,0.6
528,0.5733333333333334
529,0.30666666666666664
530,0.4
531,0.68
532,0.3
533,0.66
534,0.32666666666666666
535,0.42
536,0.22666666666666666
537,0.88
538,0.29333333333333333
539,0.84
540,0.4066666666666667
541,0.2866666666666667
542,0.3333333333333333
543,0.5133333333333333
544,0.6066666666666667
545,0.7066666666666667
546,0.6066666666666667
547,0.8333333333333334
548,0.49333333333333335
549,0.8
550,0.7666666666666667
551,0.4866666666666667
552,0.37333333333333335
553,0.35333333333333333
554,0.48
555,0.16
556,0.7466666666666667
557,0.4066666666666667
558,0.54
559,0.47333333333333333
560,0.8
561,0.76
562,0.76
563,0.5466666666666666
564,0.5733333333333334
565,0.47333333333333333
566,0.38666666666666666
567,0.4666666666666667
568,0.6533333333333333
569,0.66
570,0.37333333333333335
571,0.5666666666666667
572,0.6066666666666667
573,0.30666666666666664
574,0.54
575,0.42
576,0.54
577,0.7333333333333333
578,0.5733333333333334
579,0.6533333333333333
580,0.3333333333333333
581,0.4666666666666667
582,0.8466666666666667
583,0.36666666666666664
584,0.7466666666666667
585,0.5533333333333333
586,0.6666666666666666
587,0.78
588,0.34
589,0.29333333333333333
590,0.7866666666666666
591,0.68
592,0.18666666666666668
593,0.72
594,0.8533333333333334
595,0.6466666666666666
596,0.2866666666666667
597,0.3333333333333333
598,0.78
599,0.88
600,0.5266666666666666
601,0.2
602,0.52
603,0.7
604,0.5933333333333334
605,0.6133333333333333
606,0.32666666666666666
607,0.6866666666666666
608,0.4
609,0.32666666666666666
610,0.52
611,0.43333333333333335
612,0.8133333333333334
613,0.36
614,0.6
615,0.8533333333333334
616,0.49333333333333335
617,0.5
618,0.7066666666666667
619,0.17333333333333334
620,0.5666666666666667
621,0.6533333333333333
622,0.7533333333333333
623,0.36
624,0.3933333333333333
625,0.25333333333333335
626,0.7466666666666667
627,0.37333333333333335
628,0.5866666666666667
629,0.36666666666666664
630,0.32
631,0.36666666666666664
632,0.4666666666666667
633,0.7266666666666667
634,0.5533333333333333
635,0.76
636,0.66
637,0.86
638,0.42
639,0.6066666666666667
640,0.4533333333333333
641,0.48
642,0.29333333333333333
643,0.26
644,0.25333333333333335
645,0.36
646,0.4866666666666667
647,0.2733333333333333
648,0.8333333333333334
649,0.5666666666666667
650,0.4
651,0.6866666666666666
652,0.37333333333333335
653,0.4666666666666667
654,0.31333333333333335
655,0.35333333333333333
656,0.82
657,0.6
658,0.46
659,0.6666666666666666
660,0.32
661,0.36666666666666664
662,0.5733333333333334
663,0.38666666666666666
664,0.72
665,0.64
666,0.4666666666666667
667,0.46
668,0.6466666666666666
669,0.44666666666666666
670,0.6066666666666667
671,0.36
672,0.6733333333333333
673,0.6133333333333333
674,0.5466666666666666
675,0.6533333333333333
676,0.38666666666666666
677,0.44
678,0.38666666666666666
679,0.5333333333333333
680,0.18666666666666668
681,0.38666666666666666
682,0.4666666666666667
683,0.43333333333333335
684,0.6
685,0.68
686,0.29333333333333333
687,0.34
688,0.6933333333333334
689,0.30666666666666664
690,0.66
691,0.5866666666666667
692,0.6266666666666667
693,0.7133333333333334
694,0.6733333333333333
695,0.36666666666666664
696,0.7
697,0.74
698,0.5
699,0.6933333333333334
700,0.6266666666666667
701,0.35333333333333333
702,0.4066666666666667
703,0.62
704,0.6
705,0.74
706,0.52
707,0.5533333333333333
708,0.47333333333333333
709,0.7466666666666667
710,0.62
711,0.19333333333333333
712,0.7133333333333334
713,0.5266666666666666
714,0.49333333333333335
715,0.7
716,0.4533333333333333
717,0.54
718,0.8
719,0.6866666666666666
720,0.5866666666666667
721,0.8133333333333334
722,0.6066666666666667
723,0.74
724,0.47333333333333333
725,0.54
726,0.19333333333333333
727,0.4266666666666667
728,0.44
729,0.28
730,0.5533333333333333
731,0.6
732,0.6466666666666666
733,0.6266666666666667
734,0.3933333333333333
735,0.3
736,0.29333333333333333
737,0.26666666666666666
738,0.44666666666666666
739,0.74
740,0.66
741,0.5733333333333334
742,0.4066666666666667
743,0.32
744,0.7533333333333333
745,0.64
746,0.26
747,0.46
748,0.48
749,0.6133333333333333
750,0.56
751,0.38666666666666666
752,0.5733333333333334
753,0.5933333333333334
754,0.52
755,0.64
756,0.54
757,0.6133333333333333
758,0.5266666666666666
759,0.7733333333333333
760,0.6866666666666666
761,0.76
762,0.5933333333333334
763,0.7733333333333333
764,0.64
765,0.62
766,0.36666666666666664
767,0.5466666666666666
768,0.6933333333333334
769,0.4533333333333333
770,0.62
771,0.19333333333333333
772,0.5266666666666666
773,0.36
774,0.41333333333333333
775,0.7666666666666667
776,0.7533333333333333
777,0.37333333333333335
778,0.5133333333333333
779,0.35333333333333333
780,0.8266666666666667
781,0.7133333333333334
782,0.64
783,0.22
784,0.78
785,0.2733333333333333
786,0.88
787,0.6266666666666667
788,0.4
789,0.3
790,0.24
791,0.44666666666666666
792,0.18666666666666668
793,0.38666666666666666
794,0.31333333333333335
795,0.5266666666666666
796,0.7133333333333334
797,0.5666666666666667
798,0.5
799,0.6
800,0.8266666666666667
801,0.35333333333333333
802,0.5866666666666667
803,0.5133333333333333
804,0.82
805,0.9
806,0.3933333333333333
807,0.36666666666666664
808,0.26
809,0.44666666666666666
810,0.5
811,0.58
812,0.5066666666666667
813,0.5133333333333333
814,0.7733333333333333
815,0.35333333333333333
816,0.5533333333333333
817,0.3466666666666667
818,0.6466666666666666
819,0.6066666666666667
820,0.8066666666666666
821,0.19333333333333333
822,0.6533333333333333
823,0.11333333333333333
824,0.22666666666666666
825,0.58
826,0.7666666666666667
827,0.6
828,0.7466666666666667
829,0.6133333333333333
830,0.7533333333333333
831,0.6066666666666667
832,0.8066666666666666
833,0.35333333333333333
834,0.72
835,0.34
836,0.5266666666666666
837,0.6933333333333334
838,0.3466666666666667
839,0.6
840,0.6733333333333333
841,0.5933333333333334
842,0.25333333333333335
843,0.26
844,0.24
845,0.76
846,0.6066666666666667
847,0.5866666666666667
848,0.52
849,0.4533333333333333
850,0.47333333333333333
851,0.64
852,0.7733333333333333
853,0.8066666666666666
854,0.2733333333333333
855,0.6066666666666667
856,0.54
857,0.5533333333333333
858,0.74
859,0.3
860,0.3
861,0.68
862,0.6666666666666666
863,0.46
864,0.6
865,0.4
866,0.26
867,0.7266666666666667
868,0.5533333333333333
869,0.7066666666666667
870,0.5533333333333333
871,0.4866666666666667
872,0.6
873,0.64
874,0.35333333333333333
875,0.6066666666666667
876,0.56
877,0.44
878,0.7133333333333334
879,0.7133333333333334
880,0.3933333333333333
881,0.5533333333333333
882,0.62
883,0.7266666666666667
884,0.25333333333333335
885,0.23333333333333334
886,0.30666666666666664
887,0.46
888,0.6533333333333333
889,0.4
890,0.34
891,0.44
892,0.62
893,0.7133333333333334
894,0.5333333333333333
895,0.5666666666666667
896,0.64
897,0.68
898,0.48
899,0.24666666666666667
900,0.7333333333333333
901,0.16666666666666666
902,0.5466666666666666
903,0.42
904,0.8666666666666667
905,0.8466666666666667
906,0.4666666666666667
907,0.41333333333333333
908,0.5266666666666666
909,0.8266666666666667
910,0.3933333333333333
911,0.4866666666666667
912,0.6333333333333333
913,0.88
914,0.44
915,0.7066666666666667
916,0.44666666666666666
917,0.36666666666666664
918,0.4666666666666667
919,0.6
920,0.26666666666666666
921,0.43333333333333335
922,0.6333333333333333
923,0.28
924,0.5133333333333333
925,0.7666666666666667
926,0.5666666666666667
927,0.37333333333333335
928,0.21333333333333335
929,0.16666666666666666
930,0.6733333333333333
931,0.24666666666666667
932,0.4533333333333333
933,0.26666666666666666
934,0.6933333333333334
935,0.68
936,0.28
937,0.78
938,0.6333333333333333
939,0.8533333333333334
940,0.5133333333333333
941,0.6666666666666666
942,0.4
943,0.18
944,0.42
945,0.5
946,0.5
947,0.5333333333333333
948,0.6266666666666667
949,0.38666666666666666
950,0.58
951,0.66
952,0.43333333333333335
953,0.35333333333333333
954,0.21333333333333335
955,0.25333333333333335
956,0.32666666666666666
957,0.6933333333333334
958,0.4666666666666667
959,0.37333333333333335
960,0.43333333333333335
961,0.5066666666666667
962,0.6266666666666667
963,0.58
964,0.62
965,0.3333333333333333
966,0.5733333333333334
967,0.36666666666666664
968,0.62
969,0.4866666666666667
970,0.30666666666666664
971,0.41333333333333333
972,0.38666666666666666
973,0.76
974,0.6466666666666666
975,0.6066666666666667
976,0.6133333333333333
977,0.7866666666666666
978,0.26
979,0.6933333333333334
980,0.43333333333333335
981,0.4066666666666667
982,0.34
983,0.6133333333333333
984,0.76
985,0.6266666666666667
986,0.2733333333333333
987,0.58
988,0.7133333333333334
989,0.3333333333333333
990,0.54
991,0.6333333333333333
992,0.30666666666666664
993,0.7
994,0.38
995,0.4066666666666667
996,0.7066666666666667
997,0.4
998,0.31333333333333335
999,0.6066666666666667
1000,0.5533333333333333
1001,0.26666666666666666
1002,0.5733333333333334
1003,0.7933333333333333
1004,0.5
1005,0.68
1006,0.38666666666666666
1007,0.66
1008,0.7466666666666667
1009,0.48
1010,0.35333333333333333
1011,0.6133333333333333
1012,0.43333333333333335
1013,0.32
1014,0.2733333333333333
1015,0.23333333333333334
1016,0.64
1017,0.47333333333333333
1018,0.6466666666666666
1019,0.5733333333333334
1020,0.41333333333333333
1021,0.4533333333333333
1022,0.76
1023,0.5333333333333333
1024,0.58
1025,0.6333333333333333
1026,0.4266666666666667
1027,0.36666666666666664
1028,0.5866666666666667
1029,0.7533333333333333
1030,0.8266666666666667
1031,0.49333333333333335
1032,0.5066666666666667
1033,0.6666666666666666
1034,0.2
1035,0.66
1036,0.4533333333333333
1037,0.5933333333333334
1038,0.6066666666666667
1039,0.35333333333333333
1040,0.4533333333333333
1041,0.47333333333333333
1042,0.82
1043,0.7466666666666667
1044,0.48
1045,0.4266666666666667
1046,0.7866666666666666
1047,0.78
1048,0.5866666666666667
1049,0.3933333333333333
1050,0.7866666666666666
1051,0.36666666666666664
1052,0.48
1053,0.8066666666666666
1054,0.5933333333333334
1055,0.6266666666666667
1056,0.74
1057,0.29333333333333333
1058,0.62
1059,0.3466666666666667
1060,0.4066666666666667
1061,0.3933333333333333
1062,0.35333333333333333
1063,0.7333333333333333
1064,0.42
1065,0.58
1066,0.5866666666666667
1067,0.5533333333333333
1068,0.7
1069,0.3933333333333333
1070,0.4266666666666667
1071,0.46
1072,0.7066666666666667
1073,0.7666666666666667
1074,0.72
1075,0.52
1076,0.5333333333333333
1077,0.74
1078,0.3333333333333333
1079,0.66
1080,0.8266666666666667
1081,0.6
1082,0.37333333333333335
1083,0.44
1084,0.5866666666666667
1085,0.31333333333333335
1086,0.5333333333333333
1087,0.22
1088,0.7933333333333333
1089,0.7733333333333333
1090,0.3933333333333333
1091,0.58
1092,0.8266666666666667
1093,0.8
1094,0.8266666666666667
1095,0.8133333333333334
1096,0.6066666666666667
1097,0.6066666666666667
1098,0.5
1099,0.37333333333333335
1100,0.7866666666666666
1101,0.26666666666666666
1102,0.74
1103,0.7666666666666667
1104,0.52
1105,0.38666666666666666
1106,0.7866666666666666
1107,0.4533333333333333
1108,0.46
1109,0.26
1110,0.6133333333333333
1111,0.2866666666666667
1112,0.7266666666666667
1113,0.7466666666666667
1114,0.29333333333333333
1115,0.6533333333333333
1116,0.22
1117,0.6333333333333333
1118,0.3466666666666667
1119,0.2866666666666667
1120,0.48
1121,0.6533333333333333
1122,0.4533333333333333
1123,0.49333333333333335
1124,0.44
1125,0.24
1126,0.7333333333333333
1127,0.3933333333333333
1128,0.47333333333333333
1129,0.38666666666666666
1130,0.23333333333333334
1131,0.2733333333333333
1132,0.44
1133,0.7466666666666667
1134,0.6
1135,0.4533333333333333
1136,0.4
1137,0.5666666666666667
1138,0.47333333333333333
1139,0.58
1140,0.4
1141,0.5133333333333333
1142,0.47333333333333333
1143,0.44666666666666666
1144,0.4533333333333333
1145,0.3933333333333333
1146,0.7866666666666666
1147,0.7866666666666666
1148,0.4066666666666667
1149,0.56
1150,0.8533333333333334
1151,0.54
1152,0.38
1153,0.3
1154,0.7066666666666667
1155,0.7666666666666667
1156,0.54
1157,0.20666666666666667
1158,0.3333333333333333
1159,0.16
1160,0.8
1161,0.41333333333333333
1162,0.5733333333333334
1163,0.7933333333333333
1164,0.2866666666666667
1165,0.6333333333333333
1166,0.3933333333333333
1167,0.8
1168,0.22666666666666666
1169,0.78
1170,0.22666666666666666
1171,0.7533333333333333
1172,0.72
1173,0.44
1174,0.54
1175,0.74
1176,0.22666666666666666
1177,0.6933333333333334
1178,0.6266666666666667
1179,0.43333333333333335
1180,0.37333333333333335
1181,0.76
1182,0.7866666666666666
1183,0.6
1184,0.34
1185,0.6333333333333333
1186,0.42
1187,0.38666666666666666
1188,0.25333333333333335
1189,0.78
1190,0.4666666666666667
1191,0.22
1192,0.4666666666666667
1193,0.7666666666666667
1194,0.30666666666666664
1195,0.58
1196,0.24
1197,0.76
1198,0.6866666666666666
1199,0.7933333333333333
1200,0.4266666666666667
1201,0.7733333333333333
1202,0.6866666666666666
1203,0.7066666666666667
1204,0.41333333333333333
1205,0.38666666666666666
1206,0.76
1207,0.44666666666666666
1208,0.64
1209,0.2733333333333333
1210,0.7666666666666667
1211,0.2866666666666667
1212,0.54
1213,0.32666666666666666
1214,0.4866666666666667
1215,0.6133333333333333
1216,0.6466666666666666
1217,0.4066666666666667
1218,0.62
1219,0.5333333333333333
1220,0.42
1221,0.66
1222,0.8466666666666667
1223,0.38
1224,0.6266666666666667
1225,0.6533333333333333
1226,0.24666666666666667
1227,0.78
1228,0.7533333333333333
1229,0.8133333333333334
1230,0.5333333333333333
1231,0.62
1232,0.6733333333333333
1233,0.6866666666666666
1234,0.4066666666666667
1235,0.44666666666666666
1236,0.44666666666666666
1237,0.32
1238,0.68
1239,0.6
1240,0.36666666666666664
1241,0.86
1242,0.32
1243,0.22666666666666666
1244,0.18
1245,0.64
1246,0.3933333333333333
1247,0.2866666666666667
1248,0.32
1249,0.7
1250,0.5866666666666667
1251,0.36
1252,0.4266666666666667
1253,0.68
1254,0.46
1255,0.64
1256,0.35333333333333333
1257,0.4666666666666667
1258,0.5666666666666667
1259,0.6866666666666666
1260,0.7466666666666667
1261,0.7466666666666667
1262,0.82
1263,0.5933333333333334
1264,0.5866666666666667
1265,0.7733333333333333
1266,0.7866666666666666
1267,0.7866666666666666
1268,0.5466666666666666
1269,0.32
1270,0.5266666666666666
1271,0.3933333333333333
1272,0.7733333333333333
1273,0.6466666666666666
1274,0.6133333333333333
1275,0.66
1276,0.5133333333333333
1277,0.82
1278,0.7866666666666666
1279,0.7133333333333334
1280,0.66
1281,0.72
1282,0.7133333333333334
1283,0.6533333333333333
1284,0.3
1285,0.5666666666666667
1286,0.5466666666666666
1287,0.5533333333333333
1288,0.42
1289,0.6133333333333333
1290,0.8333333333333334
1291,0.6933333333333334
1292,0.5066666666666667
1293,0.23333333333333334
1294,0.6133333333333333
1295,0.6733333333333333
1296,0.38
1297,0.2
1298,0.54
1299,0.7866666666666666
1300,0.38
1301,0.4266666666666667
1302,0.19333333333333333
1303,0.7266666666666667
1304,0.6733333333333333
1305,0.43333333333333335
1306,0.68
1307,0.7866666666666666
1308,0.44
1309,0.5933333333333334
1310,0.7066666666666667
1311,0.5066666666666667
1312,0.7266666666666667
1313,0.36666666666666664
1314,0.6333333333333333
1315,0.4
1316,0.74
1317,0.5733333333333334
1318,0.2733333333333333
1319,0.28
1320,0.30666666666666664
1321,0.68
1322,0.3933333333333333
1323,0.24
1324,0.62
1325,0.5266666666666666
1326,0.7266666666666667
1327,0.6133333333333333
1328,0.17333333333333334
1329,0.44666666666666666
1330,0.6933333333333334
1331,0.41333333333333333
1332,0.48
1333,0.7466666666666667
1334,0.5333333333333333
1335,0.7133333333333334
1336,0.62
1337,0.34
1338,0.44666666666666666
1339,0.6733333333333333
1340,0.3933333333333333
1341,0.7
1342,0.8733333333333333
1343,0.7266666666666667
1344,0.6933333333333334
1345,0.68
1346,0.7533333333333333
1347,0.4266666666666667
1348,0.84
1349,0.6466666666666666
1350,0.7466666666666667
1351,0.7266666666666667
1352,0.4266666666666667
1353,0.6866666666666666
1354,0.7533333333333333
1355,0.62
1356,0.38
1357,0.4666666666666667
1358,0.31333333333333335
1359,0.4266666666666667
1360,0.6733333333333333
1361,0.8
1362,0.5466666666666666
1363,0.4266666666666667
1364,0.6533333333333333
1365,0.7866666666666666
1366,0.5533333333333333
1367,0.8066666666666666
1368,0.5466666666666666
1369,0.8666666666666667
1370,0.52
1371,0.66
1372,0.7466666666666667
1373,0.8933333333333333
1374,0.16666666666666666
1375,0.5333333333333333
1376,0.4066666666666667
1377,0.7866666666666666
1378,0.49333333333333335
1379,0.37333333333333335
1380,0.37333333333333335
1381,0.7666666666666667
1382,0.7
1383,0.64
1384,0.49333333333333335
1385,0.26666666666666666
1386,0.54
1387,0.72
1388,0.64
1389,0.26666666666666666
1390,0.6066666666666667
1391,0.47333333333333333
1392,0.4066666666666667
1393,0.7266666666666667
1394,0.7266666666666667
1395,0.5466666666666666
1396,0.26
1397,0.34
1398,0.19333333333333333
1399,0.4266666666666667
1400,0.54
1401,0.5533333333333333
1402,0.7133333333333334
1403,0.7466666666666667
1404,0.29333333333333333
1405,0.23333333333333334
1406,0.62
1407,0.22
1408,0.8
1409,0.7066666666666667
1410,0.5066666666666667
1411,0.4533333333333333
1412,0.4266666666666667
1413,0.6266666666666667
1414,0.6333333333333333
1415,0.49333333333333335
1416,0.35333333333333333
1417,0.4
1418,0.6533333333333333
1419,0.43333333333333335
1420,0.72
1421,0.38
1422,0.6
1423,0.6533333333333333
1424,0.28
1425,0.5933333333333334
1426,0.4866666666666667
1427,0.22
1428,0.22
1429,0.36666666666666664
1430,0.54
1431,0.47333333333333333
1432,0.5533333333333333
1433,0.16
1434,0.42
1435,0.36666666666666664
1436,0.37333333333333335
1437,0.35333333333333333
1438,0.88
1439,0.24
1440,0.78
1441,0.62
1442,0.41333333333333333
1443,0.5133333333333333
1444,0.37333333333333335
1445,0.22
1446,0.52
1447,0.21333333333333335
1448,0.3333333333333333
1449,0.7
1450,0.6266666666666667
1451,0.5866666666666667
1452,0.4266666666666667
1453,0.47333333333333333
1454,0.4266666666666667
1455,0.4266666666666667
1456,0.62
1457,0.6333333333333333
1458,0.44
1459,0.6133333333333333
1460,0.38666666666666666
1461,0.4
1462,0.66
1463,0.58
1464,0.66
1465,0.7733333333333333
1466,0.3
1467,0.7666666666666667
1468,0.3466666666666667
1469,0.44666666666666666
1470,0.82
1471,0.7
1472,0.5066666666666667
1473,0.6333333333333333
1474,0.28
1475,0.34
1476,0.46
1477,0.76
1478,0.3333333333333333
1479,0.3933333333333333
1480,0.7733333333333333
1481,0.2
1482,0.34
1483,0.7266666666666667
1484,0.5666666666666667
1485,0.4533333333333333
1486,0.19333333333333333
1487,0.38666666666666666
1488,0.32
1489,0.31333333333333335
1490,0.7133333333333334
1491,0.7333333333333333
1492,0.36
1493,0.64
1494,0.48
1495,0.6333333333333333
1496,0.7933333333333333
1497,0.4866666666666667
1498,0.72
1499,0.2866666666666667
1500,0.5
1501,0.26666666666666666
1502,0.35333333333333333
1503,0.52
1504,0.5466666666666666
1505,0.6133333333333333
1506,0.24
1507,0.35333333333333333
1508,0.7533333333333333
1509,0.5
1510,0.46
1511,0.6866666666666666
1512,0.6466666666666666
1513,0.8
1514,0.56
1515,0.19333333333333333
1516,0.21333333333333335
1517,0.22666666666666666
1518,0.6066666666666667
1519,0.4866666666666667
1520,0.22666666666666666
1521,0.4
1522,0.8
1523,0.41333333333333333
1524,0.21333333333333335
1525,0.76
1526,0.16666666666666666
1527,0.4066666666666667
1528,0.52
1529,0.8133333333333334
1530,0.35333333333333333
1531,0.48
1532,0.6066666666666667
1533,0.54
1534,0.38
1535,0.7533333333333333
1536,0.5466666666666666
1537,0.4
1538,0.47333333333333333
1539,0.7333333333333333
1540,0.7733333333333333
1541,0.6533333333333333
1542,0.72
1543,0.15333333333333332
1544,0.68
1545,0.6466666666666666
1546,0.6933333333333334
1547,0.64
1548,0.8
1549,0.5133333333333333
1550,0.58
1551,0.7066666666666667
1552,0.74
1553,0.5866666666666667
1554,0.6666666666666666
1555,0.6466666666666666
1556,0.6466666666666666
1557,0.4666666666666667
1558,0.8066666666666666
1559,0.6933333333333334
1560,0.7266666666666667
1561,0.72
1562,0.37333333333333335
1563,0.18
1564,0.44666666666666666
1565,0.5133333333333333
1566,0.5133333333333333
1567,0.6866666666666666
1568,0.41333333333333333
1569,0.6666666666666666
1570,0.6866666666666666
1571,0.76
1572,0.5866666666666667
1573,0.82
1574,0.41333333333333333
1575,0.25333333333333335
1576,0.62
1577,0.7333333333333333
1578,0.5066666666666667
1579,0.6466666666666666
1580,0.7133333333333334
1581,0.78
1582,0.5266666666666666
1583,0.6933333333333334
1584,0.7533333333333333
1585,0.5333333333333333
1586,0.26
1587,0.8066666666666666
1588,0.6933333333333334
1589,0.3933333333333333
1590,0.19333333333333333
1591,0.19333333333333333
1592,0.5866666666666667
1593,0.7933333333333333
1594,0.4066666666666667
1595,0.5333333333333333
1596,0.6
1597,0.5533333333333333
1598,0.7866666666666666
1599,0.62
1600,0.46
1601,0.8266666666666667
1602,0.48
1603,0.22666666666666666
1604,0.66
1605,0.21333333333333335
1606,0.44
1607,0.72
1608,0.30666666666666664
1609,0.64
1610,0.6533333333333333
1611,0.7333333333333333
1612,0.66
1613,0.8266666666666667
1614,0.44
1615,0.54
1616,0.3933333333333333
1617,0.28
1618,0.6266666666666667
1619,0.8133333333333334
1620,0.86
1621,0.32666666666666666
1622,0.6666666666666666
1623,0.5
1624,0.7866666666666666
1625,0.6666666666666666
1626,0.4266666666666667
1627,0.28
1628,0.4533333333333333
1629,0.4866666666666667
1630,0.2733333333333333
1631,0.6133333333333333
1632,0.4866666666666667
1633,0.5466666666666666
1634,0.42
1635,0.5266666666666666
1636,0.4066666666666667
1637,0.6266666666666667
1638,0.66
1639,0.38
1640,0.6866666666666666
1641,0.44
1642,0.7
1643,0.5466666666666666
1644,0.29333333333333333
1645,0.86
1646,0.5333333333333333
1647,0.7733333333333333
1648,0.7
1649,0.4866666666666667
1650,0.48
1651,0.7533333333333333
1652,0.8133333333333334
1653,0.47333333333333333
1654,0.66
1655,0.3466666666666667
1656,0.6466666666666666
1657,0.5266666666666666
1658,0.74
1659,0.47333333333333333
1660,0.7266666666666667
1661,0.43333333333333335
1662,0.37333333333333335
1663,0.32666666666666666
1664,0.58
1665,0.5
1666,0.41333333333333333
1667,0.6533333333333333
1668,0.44666666666666666
1669,0.74
1670,0.6
1671,0.38
1672,0.7933333333333333
1673,0.3
1674,0.3466666666666667
1675,0.5666666666666667
1676,0.7266666666666667
1677,0.19333333333333333
1678,0.5933333333333334
1679,0.5266666666666666
1680,0.56
1681,0.6466666666666666
1682,0.38666666666666666
1683,0.7933333333333333
1684,0.4533333333333333
1685,0.7066666666666667
1686,0.31333333333333335
1687,0.7933333333333333
1688,0.52
1689,0.48
1690,0.78
1691,0.5266666666666666
1692,0.42
1693,0.4066666666666667
1694,0.54
1695,0.6466666666666666
1696,0.4
1697,0.8533333333333334
1698,0.35333333333333333
1699,0.21333333333333335
1700,0.3466666666666667
1701,0.5666666666666667
1702,0.8066666666666666
1703,0.3466666666666667
1704,0.6133333333333333
1705,0.2733333333333333
1706,0.36666666666666664
1707,0.6466666666666666
1708,0.2733333333333333
1709,0.6666666666666666
1710,0.3466666666666667
1711,0.4
1712,0.49333333333333335
1713,0.2
1714,0.4066666666666667
1715,0.38666666666666666
1716,0.22666666666666666
1717,0.5533333333333333
1718,0.7333333333333333
1719,0.8333333333333334
1720,0.5
1721,0.30666666666666664
1722,0.3466666666666667
1723,0.42
1724,0.54
1725,0.41333333333333333
1726,0.7733333333333333
1727,0.82
1728,0.54
1729,0.7933333333333333
1730,0.5733333333333334
1731,0.5533333333333333
1732,0.46
1733,0.7066666666666667
1734,0.7266666666666667
1735,0.5066666666666667
1736,0.86
1737,0.37333333333333335
1738,0.76
1739,0.72
1740,0.8466666666666667
1741,0.54
1742,0.56
1743,0.6733333333333333
1744,0.5
1745,0.28
1746,0.3933333333333333
1747,0.36
1748,0.62
1749,0.8
1750,0.32666666666666666
1751,0.6333333333333333
1752,0.62
1753,0.32666666666666666
1754,0.38666666666666666
1755,0.31333333333333335
1756,0.7933333333333333
1757,0.52
1758,0.31333333333333335
1759,0.6266666666666667
1760,0.58
1761,0.7066666666666667
1762,0.84
1763,0.36
1764,0.5466666666666666
1765,0.7133333333333334
1766,0.7
1767,0.5133333333333333
1768,0.54
1769,0.8533333333333334
1770,0.54
1771,0.6266666666666667
1772,0.7933333333333333
1773,0.7266666666666667
1774,0.5666666666666667
1775,0.4666666666666667
1776,0.6933333333333334
1777,0.2733333333333333
1778,0.64
1779,0.23333333333333334
1780,0.5
1781,0.58
1782,0.6666666666666666
1783,0.32
1784,0.6066666666666667
1785,0.5066666666666667
1786,0.14666666666666667
1787,0.4866666666666667
1788,0.49333333333333335
1789,0.31333333333333335
1790,0.3333333333333333
1791,0.46
1792,0.7133333333333334
1793,0.74
1794,0.4066666666666667
1795,0.22
1796,0.7066666666666667
1797,0.41333333333333333
1798,0.64
1799,0.58
1800,0.31333333333333335
1801,0.8933333333333333
1802,0.43333333333333335
1803,0.3466666666666667
1804,0.46
1805,0.6333333333333333
1806,0.5
1807,0.56
1808,0.34
1809,0.5533333333333333
1810,0.7466666666666667
1811,0.82
1812,0.3466666666666667
1813,0.5666666666666667
1814,0.46
1815,0.7066666666666667
1816,0.43333333333333335
1817,0.7
1818,0.4266666666666667
1819,0.47333333333333333
1820,0.46
1821,0.4866666666666667
1822,0.38666666666666666
1823,0.7533333333333333
1824,0.8333333333333334
1825,0.7266666666666667
1826,0.6733333333333333
1827,0.5866666666666667
1828,0.7133333333333334
1829,0.6933333333333334
1830,0.82
1831,0.5
1832,0.25333333333333335
1833,0.49333333333333335
1834,0.68
1835,0.5266666666666666
1836,0.6
1837,0.41333333333333333
1838,0.3
1839,0.8
1840,0.5266666666666666
1841,0.38666666666666666
1842,0.58
1843,0.6
1844,0.44666666666666666
1845,0.64
1846,0.38
1847,0.6266666666666667
1848,0.54
1849,0.44
1850,0.47333333333333333
1851,0.7933333333333333
1852,0.3466666666666667
1853,0.6066666666666667
1854,0.76
1855,0.7266666666666667
1856,0.9
1857,0.38666666666666666
1858,0.4066666666666667
1859,0.47333333333333333
1860,0.78
1861,0.6466666666666666
1862,0.3333333333333333
1863,0.5933333333333334
1864,0.8533333333333334
1865,0.5133333333333333
1866,0.7733333333333333
1867,0.6533333333333333
1868,0.6733333333333333
1869,0.7733333333333333
1870,0.5666666666666667
1871,0.8133333333333334
1872,0.7666666666666667
1873,0.5266666666666666
1874,0.29333333333333333
1875,0.41333333333333333
1876,0.66
1877,0.22666666666666666
1878,0.30666666666666664
1879,0.5733333333333334
1880,0.7133333333333334
1881,0.42
1882,0.3466666666666667
1883,0.41333333333333333
1884,0.23333333333333334
1885,0.7466666666666667
1886,0.44
1887,0.6866666666666666
1888,0.8066666666666666
1889,0.82
1890,0.26
1891,0.5866666666666667
1892,0.5
1893,0.64
1894,0.5266666666666666
1895,0.5333333333333333
1896,0.72
1897,0.8133333333333334
1898,0.6133333333333333
1899,0.7933333333333333
1900,0.32
1901,0.7866666666666666
1902,0.5533333333333333
1903,0.4533333333333333
1904,0.26666666666666666
1905,0.4066666666666667
1906,0.26666666666666666
1907,0.5933333333333334
1908,0.34
1909,0.7866666666666666
1910,0.3933333333333333
1911,0.41333333333333333
1912,0.6733333333333333
1913,0.25333333333333335
1914,0.72
1915,0.5933333333333334
1916,0.34
1917,0.38
1918,0.4666666666666667
1919,0.4266666666666667
1920,0.5733333333333334
1921,0.7866666666666666
1922,0.5866666666666667
1923,0.24666666666666667
1924,0.4533333333333333
1925,0.6666666666666666
1926,0.42
1927,0.47333333333333333
1928,0.6466666666666666
1929,0.6866666666666666
1930,0.28
1931,0.26666666666666666
1932,0.29333333333333333
1933,0.3
1934,0.6866666666666666
1935,0.26
1936,0.36
1937,0.44
1938,0.8
1939,0.62
1940,0.6333333333333333
1941,0.8
1942,0.7733333333333333
1943,0.6866666666666666
1944,0.4866666666666667
1945,0.32666666666666666
1946,0.43333333333333335
1947,0.5
1948,0.5933333333333334
1949,0.32
1950,0.6533333333333333
1951,0.6666666666666666
1952,0.3333333333333333
1953,0.7666666666666667
1954,0.38666666666666666
1955,0.66
1956,0.3
1957,0.5266666666666666
1958,0.30666666666666664
1959,0.6466666666666666
1960,0.6333333333333333
1961,0.24666666666666667
1962,0.2866666666666667
1963,0.42
1964,0.5666666666666667
1965,0.4666666666666667
1966,0.37333333333333335
1967,0.7
1968,0.41333333333333333
1969,0.78
1970,0.4266666666666667
1971,0.58
1972,0.7933333333333333
1973,0.7533333333333333
1974,0.5666666666666667
1975,0.62
1976,0.5866666666666667
1977,0.2866666666666667
1978,0.76
1979,0.14666666666666667
1980,0.6733333333333333
1981,0.7066666666666667
1982,0.4
1983,0.49333333333333335
1984,0.32666666666666666
1985,0.28
1986,0.8466666666666667
1987,0.4666666666666667
1988,0.5333333333333333
1989,0.8533333333333334
1990,0.5666666666666667
1991,0.4533333333333333
1992,0.6933333333333334
1993,0.58
1994,0.2733333333333333
1995,0.44
1996,0.6866666666666666
1997,0.6933333333333334
1998,0.8466666666666667
1999,0.49333333333333335
2000,0.5533333333333333
2001,0.4
2002,0.74
2003,0.3933333333333333
2004,0.78
2005,0.5933333333333334
2006,0.4
2007,0.31333333333333335
2008,0.7866666666666666
2009,0.2866666666666667
2010,0.3333333333333333
2011,0.43333333333333335
2012,0.6933333333333334
2013,0.6533333333333333
2014,0.6666666666666666
2015,0.6733333333333333
2016,0.7066666666666667
2017,0.4266666666666667
2018,0.48
2019,0.68
2020,0.6666666666666666
2021,0.34
2022,0.74
2023,0.52
2024,0.38666666666666666
2025,0.4
2026,0.36
2027,0.32
2028,0.4266666666666667
2029,0.30666666666666664
2030,0.7266666666666667
2031,0.48
2032,0.6933333333333334
2033,0.37333333333333335
2034,0.32
2035,0.6733333333333333
2036,0.7133333333333334
2037,0.2866666666666667
2038,0.3933333333333333
2039,0.72
2040,0.54
2041,0.5466666666666666
2042,0.4066666666666667
2043,0.5266666666666666
2044,0.34
2045,0.41333333333333333
2046,0.4866666666666667
2047,0.8333333333333334
2048,0.74
2049,0.3933333333333333
2050,0.30666666666666664
2051,0.44
2052,0.76
2053,0.64
2054,0.43333333333333335
2055,0.5066666666666667
2056,0.5066666666666667
2057,0.7466666666666667
2058,0.7333333333333333
2059,0.5733333333333334
2060,0.52
2061,0.4533333333333333
2062,0.8666666666666667
2063,0.52
2064,0.21333333333333335
2065,0.31333333333333335
2066,0.4666666666666667
2067,0.5133333333333333
2068,0.5933333333333334
2069,0.5266666666666666
2070,0.78
2071,0.34
2072,0.36666666666666664
2073,0.52
2074,0.7533333333333333
2075,0.34
2076,0.8266666666666667
2077,0.36
2078,0.6933333333333334
2079,0.7333333333333333
2080,0.62
2081,0.8266666666666667
2082,0.46
2083,0.5866666666666667
2084,0.8
2085,0.4
2086,0.34
2087,0.32
2088,0.3333333333333333
2089,0.5133333333333333
2090,0.38
2091,0.38666666666666666
2092,0.6133333333333333
2093,0.43333333333333335
2094,0.6333333333333333
2095,0.56
2096,0.5
2097,0.8466666666666667
2098,0.7666666666666667
2099,0.6466666666666666
2100,0.6466666666666666
2101,0.6466666666666666
2102,0.22666666666666666
2103,0.5466666666666666
2104,0.5866666666666667
2105,0.7066666666666667
2106,0.3
2107,0.5866666666666667
2108,0.7933333333333333
2109,0.5666666666666667
2110,0.4666666666666667
2111,0.5533333333333333
2112,0.34
2113,0.5866666666666667
2114,0.3466666666666667
2115,0.36666666666666664
2116,0.36
2117,0.7466666666666667
2118,0.32666666666666666
2119,0.4866666666666667
2120,0.62
2121,0.6666666666666666
2122,0.72
2123,0.47333333333333333
2124,0.37333333333333335
2125,0.7666666666666667
2126,0.36
2127,0.7133333333333334
2128,0.5666666666666667
2129,0.74
2130,0.4533333333333333
2131,0.7333333333333333
2132,0.32666666666666666
2133,0.31333333333333335
2134,0.7
2135,0.56
2136,0.4
2137,0.58
2138,0.8133333333333334
2139,0.6666666666666666
2140,0.23333333333333334
2141,0.32
2142,0.5266666666666666
2143,0.38666666666666666
2144,0.2733333333333333
2145,0.23333333333333334
2146,0.82
2147,0.8066666666666666
2148,0.5
2149,0.4
2150,0.5133333333333333
2151,0.4266666666666667
2152,0.32666666666666666
2153,0.34
2154,0.5866666666666667
2155,0.6933333333333334
2156,0.20666666666666667
2157,0.34
2158,0.5466666666666666
2159,0.64
2160,0.82
2161,0.6466666666666666
2162,0.7066666666666667
2163,0.5866666666666667
2164,0.6066666666666667
2165,0.6
2166,0.3933333333333333
2167,0.68
2168,0.30666666666666664
2169,0.22
2170,0.58
2171,0.6466666666666666
2172,0.72
2173,0.28
2174,0.18666666666666668
2175,0.19333333333333333
2176,0.62
2177,0.41333333333333333
2178,0.48
2179,0.5866666666666667
2180,0.78
2181,0.64
2182,0.38666666666666666
2183,0.5733333333333334
2184,0.32666666666666666
2185,0.3466666666666667
2186,0.26
2187,0.22
2188,0.72
2189,0.4533333333333333
2190,0.4666666666666667
2191,0.4
2192,0.44
2193,0.5733333333333334
2194,0.38
2195,0.36
2196,0.42
2197,0.42
2198,0.36666666666666664
2199,0.6
2200,0.6133333333333333
2201,0.74
2202,0.6133333333333333
2203,0.32666666666666666
2204,0.5533333333333333
2205,0.30666666666666664
2206,0.2733333333333333
2207,0.5733333333333334
2208,0.9066666666666666
2209,0.32
2210,0.37333333333333335
2211,0.78
2212,0.5066666666666667
2213,0.7066666666666667
2214,0.44666666666666666
2215,0.7733333333333333
2216,0.42
2217,0.6533333333333333
2218,0.41333333333333333
2219,0.5666666666666667
2220,0.86
2221,0.38666666666666666
2222,0.6133333333333333
2223,0.7466666666666667
2224,0.25333333333333335
2225,0.22
2226,0.5133333333333333
2227,0.4
2228,0.6733333333333333
2229,0.3333333333333333
2230,0.6533333333333333
2231,0.5666666666666667
2232,0.16666666666666666
2233,0.76
2234,0.38666666666666666
2235,0.47333333333333333
2236,0.29333333333333333
2237,0.3333333333333333
2238,0.54
2239,0.76
2240,0.5
2241,0.7133333333333334
2242,0.7533333333333333
2243,0.48
2244,0.8466666666666667
2245,0.6733333333333333
2246,0.3933333333333333
2247,0.4666666666666667
2248,0.5866666666666667
2249,0.5866666666666667
2250,0.5733333333333334
2251,0.37333333333333335
2252,0.17333333333333334
2253,0.4066666666666667
2254,0.72
2255,0.43333333333333335
2256,0.5666666666666667
2257,0.2733333333333333
2258,0.5
2259,0.5733333333333334
2260,0.6133333333333333
2261,0.68
2262,0.2733333333333333
2263,0.36
2264,0.49333333333333335
2265,0.7333333333333333
2266,0.8133333333333334
2267,0.5066666666666667
2268,0.5866666666666667
2269,0.23333333333333334
2270,0.36666666666666664
2271,0.8466666666666667
2272,0.44666666666666666
2273,0.52
2274,0.52
2275,0.4666666666666667
2276,0.7866666666666666
2277,0.22666666666666666
2278,0.5733333333333334
2279,0.44
2280,0.25333333333333335
2281,0.3333333333333333
2282,0.44
2283,0.2733333333333333
2284,0.44666666666666666
2285,0.44666666666666666
2286,0.47333333333333333
2287,0.3466666666666667
2288,0.7266666666666667
2289,0.6533333333333333
2290,0.74
2291,0.76
2292,0.30666666666666664
2293,0.7933333333333333
2294,0.6666666666666666
2295,0.7266666666666667
2296,0.32
2297,0.5066666666666667
2298,0.5733333333333334
2299,0.49333333333333335
2300,0.8533333333333334
2301,0.41333333333333333
2302,0.76
2303,0.5933333333333334
2304,0.62
2305,0.5533333333333333
2306,0.5866666666666667
2307,0.5666666666666667
2308,0.32666666666666666
2309,0.7733333333333333
2310,0.6933333333333334
2311,0.32666666666666666
2312,0.62
2313,0.74
2314,0.8666666666666667
2315,0.38666666666666666
2316,0.52
2317,0.13333333333333333
2318,0.52
2319,0.7466666666666667
2320,0.5266666666666666
2321,0.68
2322,0.6133333333333333
2323,0.25333333333333335
2324,0.8266666666666667
2325,0.17333333333333334
2326,0.5933333333333334
2327,0.66
2328,0.7066666666666667
2329,0.4066666666666667
2330,0.43333333333333335
2331,0.34
2332,0.32666666666666666
2333,0.7133333333333334
2334,0.4266666666666667
2335,0.5333333333333333
2336,0.8266666666666667
2337,0.36
2338,0.7133333333333334
2339,0.2733333333333333
2340,0.6066666666666667
2341,0.7666666666666667
2342,0.7266666666666667
2343,0.82
2344,0.47333333333333333
2345,0.7066666666666667
2346,0.5733333333333334
2347,0.6266666666666667
2348,0.58
2349,0.38666666666666666
2350,0.34
2351,0.6866666666666666
2352,0.49333333333333335
2353,0.38
2354,0.38666666666666666
2355,0.43333333333333335
2356,0.37333333333333335
2357,0.56
2358,0.54
2359,0.8
2360,0.5733333333333334
2361,0.5666666666666667
2362,0.37333333333333335
2363,0.6466666666666666
2364,0.18666666666666668
2365,0.41333333333333333
2366,0.6866666666666666
2367,0.6
2368,0.5066666666666667
2369,0.7133333333333334
2370,0.74
2371,0.5733333333333334
2372,0.6666666666666666
2373,0.32
2374,0.32666666666666666
2375,0.37333333333333335
2376,0.8133333333333334
2377,0.31333333333333335
2378,0.31333333333333335
2379,0.17333333333333334
2380,0.6666666666666666
2381,0.21333333333333335
2382,0.4266666666666667
2383,0.7
2384,0.32
2385,0.32
2386,0.44666666666666666
2387,0.6933333333333334
2388,0.4666666666666667
2389,0.7
2390,0.6866666666666666
2391,0.74
2392,0.37333333333333335
2393,0.7266666666666667
2394,0.78
2395,0.35333333333333333
2396,0.74
2397,0.16666666666666666
2398,0.23333333333333334
2399,0.7266666666666667
2400,0.6266666666666667
2401,0.44666666666666666
2402,0.44666666666666666
2403,0.43333333333333335
2404,0.6666666666666666
2405,0.7866666666666666
2406,0.72
2407,0.58
2408,0.7733333333333333
2409,0.7866666666666666
2410,0.48
2411,0.8333333333333334
2412,0.49333333333333335
2413,0.7466666666666667
2414,0.4
2415,0.32666666666666666
2416,0.6533333333333333
2417,0.5866666666666667
2418,0.6066666666666667
2419,0.32666666666666666
2420,0.3466666666666667
2421,0.2733333333333333
2422,0.5066666666666667
2423,0.4266666666666667
2424,0.7933333333333333
2425,0.5
2426,0.6533333333333333
2427,0.18666666666666668
2428,0.74
2429,0.5933333333333334
2430,0.78
2431,0.6266666666666667
2432,0.4266666666666667
2433,0.44666666666666666
2434,0.5533333333333333
2435,0.24666666666666667
2436,0.7266666666666667
2437,0.22
2438,0.24666666666666667
2439,0.7333333333333333
2440,0.74
2441,0.8266666666666667
2442,0.34
2443,0.22666666666666666
2444,0.6733333333333333
2445,0.6333333333333333
2446,0.49333333333333335
2447,0.6333333333333333
2448,0.26
2449,0.5066666666666667
2450,0.38
2451,0.4266666666666667
2452,0.4266666666666667
2453,0.41333333333333333
2454,0.76
2455,0.12
2456,0.3466666666666667
2457,0.5466666666666666
2458,0.5066666666666667
2459,0.3333333333333333
2460,0.8266666666666667
2461,0.6733333333333333
2462,0.72
2463,0.9
2464,0.7533333333333333
2465,0.5933333333333334
2466,0.7133333333333334
2467,0.68
2468,0.38
2469,0.5466666666666666
2470,0.31333333333333335
2471,0.92
2472,0.44666666666666666
2473,0.5533333333333333
2474,0.43333333333333335
2475,0.35333333333333333
2476,0.68
2477,0.24666666666666667
2478,0.31333333333333335
2479,0.58
2480,0.6933333333333334
2481,0.36666666666666664
2482,0.6333333333333333
2483,0.2866666666666667
2484,0.4
2485,0.47333333333333333
2486,0.8133333333333334
2487,0.36
2488,0.5
2489,0.66
2490,0.41333333333333333
2491,0.6866666666666666
2492,0.7933333333333333
2493,0.82
2494,0.44
2495,0.5666666666666667
2496,0.38666666666666666
2497,0.49333333333333335
2498,0.21333333333333335
2499,0.7133333333333334
2500,0.58
2501,0.38
